time,voltage,current,frequency
0,100.99342830602247,11.899355436586003,49.66241086251281
1,99.8234697309993,11.424533686246058,49.9577395396549
2,101.49536374313472,10.559230423250664,49.66378103990501
3,103.346014714841,9.85216349226203,49.9359888632558
4,99.93158659241968,11.1966241667649,49.173120679482
5,100.03151777880842,10.890987468060763,50.25650626823195
6,103.75806569580922,11.391597537954665,50.18035983607714
7,102.23429793168116,11.130279799788289,49.80107002212367
8,99.86019816782182,11.543166357007149,50.56904724879404
9,101.98390557915204,9.956686634833492,50.73796569082798
10,100.07149878084336,11.807427354554946,49.49509633276271
11,100.16632350123123,10.685548329357703,49.94714227269786
12,101.68104661602125,12.560929860051282,49.973487971958
13,97.46978093688135,9.794007170977688,49.91758151937041
14,97.94559548141629,12.216491522320636,50.83165722065807
15,100.36980626625405,10.675579028025451,50.349299654877086
16,99.56751982547361,9.823199705426772,50.34314783219896
17,102.3203181558605,9.987491498709852,49.502559635065374
18,99.97424758321581,10.147601103644648,50.85117188848228
19,99.06398154709443,10.888498264190172,49.942685705163846
20,104.91799084579372,10.983365985036942,50.621006728455846
21,101.63304639748792,9.882844466217575,50.7583214114343
22,102.31735264018454,10.428021239348999,51.328415354709065
23,99.43027886292496,12.590296607374626,50.021983154936024
24,101.28826081522098,12.171040631490353,49.19479238863977
25,102.69588477196496,10.875114950619217,50.82446983054894
26,100.26881836407694,10.471913068007025,51.66063242100175
27,103.41871040357965,10.548885667400173,51.40751069721128
28,101.56227910580353,11.037145528237126,50.920350613756455
29,102.27613475146181,9.395438759759188,50.59700270991727
30,101.7517888421546,10.155291270031494,51.27349236654112
31,106.75514273345232,8.738355154453677,50.41007250303903
32,103.11867115668531,10.800271001547426,51.16173723576107
33,101.12500842603689,11.042192055451423,51.20279838212521
34,104.97996074561452,9.90559989707609,51.506459447515255
35,100.98729077461246,11.956407856932278,52.382256028803134
36,103.94046952276041,9.150137201568105,51.22447996689561
37,99.69681407189007,8.904859399154972,50.79940478755285
38,101.05283259633296,10.586869823930424,51.066476941371945
39,104.19560662296986,11.402555071618293,50.21986081221589
40,105.37111658307732,12.032281046131452,50.78192838124554
41,104.32882984222417,9.882226340774867,50.94927582551424
42,103.84630796581922,11.41241224635195,50.91624531691724
43,103.56650063311352,10.28771026458132,51.27857431304494
44,101.30235066992515,10.14594827215847,50.815023737755766
45,102.90996692432287,11.194464921622005,51.81030996711764
46,103.51820352773562,10.955232956735152,51.273177896903036
47,106.64310730622852,8.718501855531299,51.29141749850191
48,105.30502833455175,11.763300342762124,51.15482198568649
49,101.18017857098612,11.65860262753056,51.418769653205295
50,105.44242332483161,9.64458845142454,51.77582665238048
51,104.11160790799644,10.657486509063233,50.95150888927135
52,103.61495737782545,10.747140314899129,51.07750059386319
53,106.2786859897302,10.50510980675417,51.27586419548174
54,107.20335896152304,9.68535902824145,50.77563888700368
55,107.08943252753899,9.555174692774736,51.05946663463241
56,103.63342693276356,10.19228715214691,51.25117580316939
57,104.77789573563726,11.381526271238544,51.946336422625535
58,106.14276623072587,10.74326991929757,51.65993853855197
59,107.51470048337255,9.819848080097335,51.64462492994393
60,104.68807625825977,10.95287758788668,51.992102800338955
61,105.35735664767718,7.3232802525279475,51.51643927955001
62,103.597681657361,11.31116384259149,51.798472306732
63,103.49903433126134,8.413194675411045,51.56938299110937
64,107.59700605841232,9.780916663412846,51.77106431130181
65,108.76434411450204,9.014079519686149,51.36402444752873
66,105.98714827657366,8.829406250105281,50.452643378062824
67,108.21692566614963,11.275203191282749,51.62118435233796
68,107.01120229027997,9.636918131633818,52.415590111948696
69,105.07513231300943,10.441324297379632,52.182832414066866
70,107.16496808339373,10.038062992570936,52.217545193483616
71,109.5944108431473,10.552153562178963,52.36764321720042
72,106.52219464149483,10.142033745429329,51.80824440925061
73,109.797983661665,8.772292665721464,51.87651435137364
74,101.50338890810195,11.041602631679295,51.48257142364292
75,108.46019260898379,9.54161201767254,51.64649876018466
76,107.06330858758186,8.46880534380704,52.12515256711733
77,106.36333768534183,9.58728056857532,52.431532137443035
78,107.21631574507511,11.506157849163444,51.77177805763177
79,103.12839489497429,10.84561997047909,51.62790350966
80,106.7342171333202,9.636748104441496,51.86434215136275
81,107.95709688672493,9.626150384724486,52.17534216652309
82,110.26724638675199,9.643790724455586,51.16305019579663
83,106.34277327455233,12.032205275092611,50.74670182709096
84,105.82944399392223,10.327442076111618,51.62891225843524
85,106.50928996423384,10.365619400043308,51.30278441712489
86,109.40922986435692,10.95595810389616,51.66760002958849
87,108.30079158957442,10.154590435051976,51.855877099661676
88,106.64786838145561,9.646919434732856,51.710805995725025
89,108.79725234149495,9.69980965011063,52.67089099501644
90,108.02742419497092,9.814797693239392,52.11481909795448
91,109.83232737796529,9.839461608505742,52.10803431605257
92,106.55191001260896,10.594647605832488,52.27481063276642
93,107.36087511564223,9.90935135618479,51.39975860054757
94,107.29136469778683,10.580489991685663,52.49375609573784
95,105.2071251516295,9.757638636459665,51.94089891463286
96,108.78415623713913,9.907560364740641,52.318157005003975
97,108.77096767774428,7.821362875398009,51.450677570454765
98,108.31520061820463,10.726601792308404,51.21296931654713
99,107.8910855192549,10.147549039003033,52.40158833358521
100,105.58396836397814,10.789936691586082,52.183194736256866
101,107.62702780064943,6.886620448747159,51.54586180033709
102,107.83565118644009,11.862286623710272,51.56350434990561
103,106.9684353534428,9.625448814981025,52.56205197863248
104,108.30147084910136,10.864441765570337,51.40517749402627
105,109.48233396956924,8.70767102057454,52.82131880578559
106,112.49592662587092,10.351769817485216,51.54932086294465
107,109.1211606684105,8.677103712126588,52.31802618559282
108,109.334678850295,9.098381466178887,51.83327024906656
109,108.71737731296254,11.627924068440567,52.297473019677305
110,105.07453117001627,9.51506704060898,51.72167305585074
111,108.90395910590205,9.915156737650758,51.909735775791574
112,109.1214648416471,10.559886924682415,52.00854599209401
113,113.97060611875884,10.177720479675603,51.48349954102003
114,108.70161303159658,9.824804074879804,52.35106578102238
115,109.73073408727244,10.031822991826314,51.71966152577202
116,109.09860754830717,12.062887644984698,51.8571384000011
117,106.87014990212231,9.594599539734963,51.468990153716604
118,111.53170575311024,9.846202768533907,50.679282116178435
119,110.7875557378652,10.688785456656328,51.85877807608906
120,110.90245475375835,10.736829075187362,53.15400297256285
121,107.53738510594438,10.811653003197636,52.33296248685553
122,112.19658218506288,10.256822620990299,51.9235585937994
123,106.6211858937324,8.46870994550287,51.79383685050179
124,110.63155418209593,11.23892415868633,51.928175512563854
125,113.87075744517583,8.453082799207845,52.181731120806994
126,107.53983076564377,9.896159446689088,51.30856482207484
127,108.41841309664137,8.833506505642031,52.446504483058106
128,109.77946133306753,9.518067264841305,52.23698160509127
129,108.60139933382833,9.905558389695594,52.22790828933664
130,106.53425499203966,9.892912838765799,52.077157299412605
131,109.7989754657394,9.988407393512382,51.856413738346085
132,107.56254357373045,11.175302323861507,52.17130652854703
133,110.65866864048081,10.010405129575304,52.118640639159786
134,107.89599694848559,9.308171211789604,51.63316077117989
135,112.85710238830167,10.512051097279826,51.510420511446405
136,108.2121394396807,10.733251308228663,51.83478544953775
137,109.15495758157479,8.312172376069018,52.54460192129891
138,111.44556973846294,10.133363714745192,51.1363745881712
139,107.37527951524486,10.23350544925053,51.007606697148184
140,110.30941716909285,9.23132532630568,51.808799153916006
141,112.48528651870336,10.901340203890067,51.73652355056738
142,106.67155115939474,9.372512104777659,51.78202651245235
143,110.27031332043639,9.645269413071066,51.80122681197332
144,110.43434907041372,9.343938519517144,51.551165794239964
145,111.4907756539305,9.530099965006674,52.3908412338541
146,107.46478221236028,8.415950589314257,50.82822979561334
147,107.30833027160726,8.070074655625364,51.19683909622937
148,111.0026915766102,11.10272640670797,51.54150356439765
149,110.5613468668978,8.659552505333654,50.75322142700624
150,110.4759355667323,8.51361140224347,51.468219191559804
151,110.67442114396944,7.3503015280433175,52.36786191145872
152,108.62705199659885,8.863616300630769,51.52820466050982
153,110.45618684703678,8.17857362373448,51.61340496707265
154,110.58140325265215,11.142963274088796,50.84792817353265
155,108.56913480584083,10.510249514205995,51.14945334786502
156,113.73096622458918,8.811966210965812,51.249331395976284
157,110.94766267114193,11.752436439480539,51.25704426891875
158,107.6169694705821,10.481850192200296,52.03537737402176
159,111.31126336861057,9.175537352225017,51.65174089700647
160,108.0463726899604,7.00144689722905,50.79519738263379
161,111.5664855516988,11.792478713362298,51.45190579204463
162,112.30508859272005,8.11284658157449,51.55519237739293
163,108.34111510707291,7.858102234694061,51.85329025989285
164,111.90281607168038,10.527351939960903,52.05033160327597
165,110.79421213841219,11.94601252138484,50.72907617496976
166,111.60436021915436,10.89220903002126,50.807478291151455
167,113.7444194634097,10.07371824698291,50.560128994203644
168,109.44965578997501,10.106632453829082,51.04765136949467
169,108.4215641822262,10.367557898424277,51.37332181777963
170,108.13761924527364,10.275529493497034,51.60903469307738
171,108.2716474716307,9.800444244939225,51.05236577422054
172,109.7346942412188,9.626298134643044,50.90514605348382
173,110.55584234664046,9.46253926732873,51.11543770408989
174,110.41057338701557,8.774393111609086,50.5962422536811
175,111.49422596681143,9.251096579487827,52.03260995806757
176,109.847546955132,7.842416083132553,50.15781471641827
177,112.70931288219508,9.440820356152647,51.02760378606244
178,109.25265240160454,8.554540291278311,51.92041444927543
179,115.20104755300449,8.443696238044414,50.88518467126839
180,110.98981100431197,9.731514942986404,50.75974024296691
181,108.00095444539059,10.948137660455224,50.64881974320159
182,107.54930629268233,10.479144102322875,50.70994311430364
183,110.63088874881934,7.99519467805324,51.45897966521178
184,109.19290439087278,8.581108646558611,49.638867123185356
185,111.04075301793718,10.51672117213301,51.483590004049226
186,110.53118807993623,8.59884540597475,49.976808358291706
187,109.4100573432157,9.362249926182338,50.52721957686082
188,107.83217450657914,10.142650693131595,50.41753371828478
189,106.46516169927457,8.6301326123015,50.89790051785853
190,108.56997097274011,9.709891650188752,49.77589384874321
191,111.14299690154705,8.27668791427158,50.777245136758
192,109.82464222511365,9.015698739831468,51.52939351096565
193,106.87029296573908,9.943354460858888,49.80661521610575
194,109.67251199192438,8.037235502088702,50.553908977847726
195,110.06023190949637,10.077508585860329,50.09881519514507
196,107.48440033547942,9.624345842874163,50.61340357254006
197,109.52115827380501,10.203565791915366,50.38059744174789
198,109.29079698971009,9.882221732272994,50.02076020338014
199,106.848193017751,11.029816461297168,50.555843068317785
200,109.80854898895339,9.7984026922161,51.18441407101311
201,110.17247468598849,9.251405531054418,50.157057707680636
202,111.17403440157682,9.810869129138764,50.58260134844739
203,111.0716615155854,10.23975477626691,49.54624856067143
204,106.16394777361961,9.753323351934188,49.684786115111535
205,106.9979736065035,9.753179717937249,50.369290031093634
206,109.85714404257706,9.01883604500869,50.84519755106505
207,109.8072125318152,9.066278186531203,50.25097564987286
208,109.76142516768726,8.335033528296634,49.886652936190615
209,116.38760881576556,11.4957801802793,50.01283091437912
210,109.77387468787508,8.511006353938367,49.35798163828084
211,110.85230957670929,9.070728592666939,50.25544724523202
212,110.43740834251517,9.05408526935915,50.364370722151236
213,109.77956090394729,10.676366656290927,49.66719091224123
214,107.79276582708576,9.495529765646795,49.628270913878154
215,109.88692634897151,11.047342486633747,49.966317770410086
216,106.76818417871169,9.135310916899792,49.58514294448948
217,107.78421271757607,10.097073307385372,49.74060487316081
218,107.23031238055553,8.99208246183608,50.79375136605049
219,108.3071572030306,11.981998038696547,49.590654535651225
220,112.71428117154292,8.658735145981277,49.50533853570289
221,104.29118027728398,10.165700393850587,49.3311499188166
222,109.33817510310989,10.4992603293734,49.99750665866416
223,104.67937048104075,10.288940115537633,49.50537271860347
224,106.89929551926532,9.699560870781262,49.24196332006453
225,109.95863316281394,9.764781400551184,50.19806439133246
226,107.84608665839218,9.94820930064396,50.218080493687545
227,105.49805996943392,9.767229795010456,49.179044459948635
228,106.15819966328928,10.887979187545733,48.51708068367344
229,108.88250126181106,12.144521705413766,49.925325589590805
230,105.99631885833293,9.386431951524639,49.050602061703145
231,107.82296995975867,8.584068219421166,49.75971459519493
232,107.41345812011015,9.875555064022118,48.350977714702616
233,105.95064317945656,12.553526828073705,49.754105511186765
234,111.4725361093419,9.180133773150407,48.67415383641568
235,108.38257157254446,11.632922473712622,49.617216875114465
236,102.99382248438654,11.681506287143513,49.231234698034754
237,107.34568601213823,9.46021551401911,48.71956637759332
238,105.57717690603259,10.592779596254168,48.96563662999412
239,108.53289888889884,11.662176383249676,49.485119650769676
240,105.16959032864611,9.664621750732236,49.167906339967914
241,106.45108305123112,9.850121364002579,49.38036342523125
242,107.61578657075292,9.481951562567884,50.049780209680286
243,108.26191790406288,9.058781046093065,48.25305323905412
244,104.05375716923216,9.434136117859104,49.81761154165062
245,105.70864454966315,8.86931591794903,49.03523740182167
246,105.350415677637,10.137144873526205,48.507950395129626
247,104.91567708804563,9.342852171576055,48.266703186209796
248,109.6746510586193,10.356330183136429,48.81205771047291
249,106.87449865570505,8.5763184777784,49.3424468749643
250,103.46295353236948,10.472711324946069,48.793102802326544
251,107.74003307524868,10.984920292544087,49.58796756892315
252,110.06761888926609,8.167155372053406,48.082577707358695
253,107.80665200464802,10.544382913901467,48.77816468476914
254,102.620822372579,11.407362537689588,48.134329590603514
255,104.60836902818167,8.979347852665285,48.91893828459109
256,108.02737666264451,11.870780991305665,49.15744621094083
257,103.99438327253233,10.626368066146435,48.48079113567389
258,106.21298793184866,9.511394716476318,47.36652910159419
259,106.78971152373144,10.169608450287843,48.74587365197598
260,103.30115277505848,10.792585248171912,48.84283695749881
261,104.95001781035694,10.319050834556382,48.804992651135876
262,98.50008174398025,10.790491328147425,49.19942831550831
263,102.84689078559741,9.339650944400924,48.0250214738564
264,104.30308984710015,10.438170436951555,48.879991331046625
265,102.22473904896913,8.863472671184601,49.11580051930342
266,107.89673525716671,10.174227790743526,47.6102495515369
267,101.6827739423818,9.389698716895248,48.63970343339308
268,103.57365747202475,9.566111483409436,48.20846380296811
269,104.62547197617344,11.545649016300237,48.40081494887834
270,107.15634538047053,11.408656558565585,48.59678773291678
271,101.31145510439771,10.934148221416054,48.16106324452064
272,106.41846920103009,9.240230998667062,48.04891046325272
273,104.02116089796336,10.023535963404127,48.38629065901472
274,101.94583048688861,11.560306789604692,47.80840834814535
275,104.74081686904987,10.496051800785533,47.79230640644143
276,104.12210978539748,12.68064849541699,48.658467834377866
277,102.4305647177241,10.761476340354681,47.728324664474876
278,103.67724762299146,10.566899904483686,48.6202003021246
279,102.67330747886037,10.072276675507242,48.50304747557467
280,103.57691619206155,10.521323844037408,47.39394509077752
281,104.57975469421768,10.24154779441463,47.90355495677385
282,106.33281327446124,11.108203397224994,48.82527627893048
283,100.59011886618154,11.362714094518527,47.723921748972515
284,107.23648026238085,9.625776975105863,47.968987049474954
285,98.97060452438043,9.0861234388618,48.419309018188564
286,102.4752890680947,8.586574039129761,48.56747084681514
287,103.85929492226533,10.936024652831172,48.03791361255869
288,103.14817723208117,9.329749425806991,47.85324858520781
289,101.24406882709035,8.28513490445263,48.85192503175082
290,101.97624879142526,10.831338363001624,48.999344676781895
291,101.30927760089499,12.940316438968996,48.608899380025996
292,101.01910660836275,10.445624252257385,48.15212804690639
293,103.79937718655104,11.294383508467002,47.695760097297054
294,102.7163308191478,10.541737311765885,47.67552225340128
295,100.51840728308896,10.364849562180876,48.34328258231713
296,103.60516242980884,11.386461471010444,48.28293724929771
297,102.32211733126468,10.180569268721188,48.766683445288095
298,103.23462738735248,10.741506620621577,48.38369037295149
299,102.76938480471067,10.79889296698434,47.29994319078276
300,99.75321005875453,9.811994689682134,48.570913573531264
301,100.1917698411079,11.474825447742282,47.53980575432483
302,102.70751976055281,10.310328189588667,47.84118798892921
303,102.33435241773343,9.731853526161451,48.15305381259147
304,100.97237667523773,11.02622423562189,49.021011241013724
305,101.14930118894193,9.593166237430255,49.57380533750424
306,103.37035130917954,10.521538556627574,48.31832190372817
307,99.53217233373677,10.485764246269705,47.91992300499988
308,101.70973193663922,11.582106705702136,48.27578247811578
309,100.11131237911756,10.972038791867275,48.44981377875429
310,99.98044421787846,10.473244089766464,47.84355730970365
311,102.51342768833892,11.316768535460303,48.899850973179696
312,101.86674245523702,11.889741378784509,48.11608433394114
313,101.74294321136286,11.057675922754692,48.24917391356529
314,102.62688414347353,10.510350083300068,48.3329678332518
315,99.95793520959404,9.188093085841547,48.21095234101522
316,101.17984287325939,9.434547544789714,48.42023257020644
317,99.09543122797704,10.193968535362712,47.693188831005585
318,100.26435365992452,9.889013398770324,47.724167234713214
319,99.25582945758049,10.310687255562936,47.45519292760899
320,99.61025049570964,10.553242384276203,48.22742139763843
321,100.50677398966334,11.025020484203935,48.39998803798676
322,97.58028829882441,10.423366097768563,48.242702847864074
323,103.30185226954485,10.978706126268753,48.85480614294685
324,97.0054792995495,10.55482162863723,48.01895146899673
325,96.48967142912346,8.51282724651014,48.36075495636737
326,101.13491318808197,9.546709707067514,47.48561239590626
327,100.30277774526208,10.339514421627067,47.843434600701165
328,99.86858096139204,9.27127067662699,48.39071661890061
329,99.77805928048537,11.078065211828719,48.47390241217087
330,98.39804951287368,12.005867128322961,47.90921038736426
331,96.52936685658617,11.69066792163974,48.02767408784525
332,98.37698486797885,10.255064216839394,47.31225240325654
333,96.77272994154674,11.955646845858302,47.900824213291955
334,99.9791577374888,10.609815825364468,48.53311207321766
335,97.63686552026172,10.12010560299962,48.38453488709645
336,96.18225480254118,9.839649245998183,48.35670530950539
337,97.0929630989552,10.146261343749252,48.14112542038721
338,98.46430970158228,10.056053845965316,48.13006012246593
339,96.41394585154568,10.609968834808392,47.807079462944365
340,95.80014818859883,10.595272726224778,48.4977848454458
341,97.83541296426608,10.432717024368172,48.37040431899822
342,97.74168643898619,10.861409570328137,48.41788849298058
343,96.14185652389313,11.609748288834467,47.92123418932821
344,96.11794026460768,11.363119127738122,47.120361228131664
345,97.42868474763098,8.922964581612774,48.7587957813884
346,93.97328772597565,7.848075833344673,47.984390128030284
347,93.9597134480221,11.330290504242441,47.80641004005001
348,95.24325967528779,9.022907136386623,48.59892293209896
349,96.1590929178081,10.158679765571389,48.07095596159709
350,97.11398285429982,9.206838101112293,48.81209920517013
351,99.34941143917942,8.56832587387429,48.606189232800155
352,98.02090966095926,10.904976106354527,48.6554091778874
353,95.89297420178316,11.115730204643334,47.64696434633175
354,96.08245840477733,9.77298368454145,48.952607636229125
355,94.02345959786479,7.751231041076493,48.494326350761895
356,95.89991670657105,9.78867122815245,48.196496117483655
357,95.26845665444726,10.719228063185929,48.47062676060555
358,96.40045742584036,8.840889905130187,47.52897298373991
359,94.01022928536818,10.495410893478805,48.63993122712115
360,96.61348859553382,10.288865808093131,47.93978527079699
361,98.55082030439092,10.87547017422641,47.79734982297271
362,95.1788205547963,10.407643592877813,47.73206272823556
363,96.11122303131062,9.30676361197145,49.06948287841061
364,96.60001552206879,11.468061453616752,48.21873790116229
365,94.32969256967134,10.104509185663582,49.320794345713125
366,95.49321123445239,10.227177813922573,48.30691601151393
367,94.98359932302746,9.31255619955294,47.74234467674918
368,95.06765912354042,9.793785386242421,48.05928423683142
369,93.240692528745,9.34341357832071,49.25728611428435
370,94.75065893943295,10.046327603863773,48.58357119647914
371,95.61309149959072,11.921951808827218,48.40981777065788
372,97.43537674489721,8.829227756122929,48.786707768414026
373,96.36817248017618,8.578372622669018,48.9806182475023
374,98.67309207401941,11.65383269848171,49.311740317393856
375,92.74969168680046,9.963993981765647,49.500885114948005
376,95.94725929615393,9.494830883434311,48.620621019517365
377,94.48811297769188,11.194328713403536,48.1616212230189
378,98.4204336283577,9.539267122632383,48.64231665904793
379,92.34422589917709,11.961293061144767,49.00385262551621
380,92.20197740621126,10.803555792630396,48.41674945169942
381,92.60384627316233,9.62801483654525,48.445217803784956
382,89.47667032058746,12.263484412404067,49.121093690411186
383,92.59540947959573,9.490668761518844,48.950516487878076
384,92.05174725635351,10.828647989726399,49.01711473147199
385,93.79453620230075,10.375979511425424,48.64756697115075
386,94.10164725050527,11.368531859969643,48.93793164873325
387,97.09552182797059,11.61837869151191,48.617545842341436
388,95.16973835293648,10.078925821825347,49.55149910075153
389,92.04146699758824,9.283539212344431,49.65096309951831
390,91.32550906546355,10.486949853220441,48.23737803320123
391,94.03392861084829,9.339272177395516,48.72303895665423
392,90.33807069865067,12.02037783674818,48.46703492447205
393,96.57060362969486,10.133526166235745,48.91796930437067
394,95.19642455020288,9.62167073339817,49.229114332256216
395,91.82976745492547,10.16167924304514,48.574026812306904
396,89.27314733342524,8.61988850023894,48.86609337652033
397,95.33918882468699,8.985429797490683,48.85336987489127
398,92.33512892005203,11.147503972071316,49.48745254733472
399,94.97334934164773,9.280263176549944,49.4471000110085
400,89.24311972933198,8.880339000413754,49.080300226933524
401,91.16824012642172,10.454024362234106,49.558446335400255
402,92.31325599179613,11.093230441235363,49.225681992452216
403,92.33327791664617,10.616671262355384,49.39229333292681
404,91.27650998477499,10.883998214069667,50.39405195739255
405,93.36044732043305,9.121432834562643,50.256861062094124
406,89.91840164366084,8.446743358465657,48.96623754807629
407,91.70857320819924,11.360266355875709,50.060378397863474
408,92.17441377759138,9.526687968828368,50.08077424681549
409,92.90399712923767,9.589030145834268,49.13058121237527
410,93.24045864553368,11.15861671135714,50.14380500417239
411,89.510872404208,10.377279814838703,50.53314522228319
412,88.63567992241505,10.267636391141467,49.23272299940759
413,94.20384318594608,11.967525075625147,49.36510648164092
414,92.25853398845723,9.149857600282843,50.36259074641923
415,90.04318991613242,10.712151705595927,50.01944269263984
416,94.5895699416893,9.832346721756664,50.189394367202304
417,91.6665695269357,10.035037758633473,50.1139314571224
418,93.74262536502025,11.286119207787456,50.168978110197024
419,91.46874028797578,10.256788775725424,49.340393319493295
420,95.40573812562809,10.27865175199129,50.55728665427942
421,94.7463344799684,10.80436951802626,50.6484136483891
422,90.6900114447586,9.358523210500964,49.97889981741937
423,93.08424978894269,8.875990637969277,50.10181219330184
424,92.3859138133504,8.662229392632284,49.38792459730717
425,93.78736953277885,7.732637459281587,50.440498874989274
426,89.07609898198801,11.74727703896936,50.49925210841952
427,92.33478770649381,8.580060971596179,50.21193179528221
428,93.03717636753512,9.454341830062969,50.834953219818445
429,87.36139898802297,9.391238027583903,50.13542578692385
430,88.4718236071739,9.968046674149095,50.614387174676715
431,86.72025510692356,10.469101577231184,49.85179713415328
432,90.221204743879,10.506700891035905,50.379316954763965
433,92.15732586514316,9.056154506413515,50.33329163366954
434,93.69010616665963,9.465259075914169,50.56240385236354
435,90.79766378525507,9.9082566276896,50.294166363820324
436,93.8717225222915,9.370431162856683,50.442265710104216
437,87.82024426448821,11.220065822905235,50.94998347505518
438,87.14057999940906,10.09744806310609,50.34741483839987
439,90.40409243516251,10.33526116760871,49.79121817240582
440,91.25211015898346,10.257334761636585,51.49787467912947
441,90.38833278720965,10.762159675060374,51.34224557963863
442,86.28953572542754,9.764104221073488,50.033676417084216
443,90.217835038619,8.280814320584895,51.05279793772413
444,87.75975169325713,9.972066762325618,50.484433635869095
445,91.68161449145369,8.915925501587614,50.895476035728414
446,91.05001035052662,9.033742379708512,50.93848406291341
447,88.41256706076241,10.143974796832467,50.70162961323121
448,89.24107633307487,10.791322515920438,50.45422796149279
449,88.12783976917544,9.569918465895107,50.527927177665276
450,90.0993406288027,9.853267881656626,50.44199218982061
451,92.1143929967188,11.242620013569772,50.51086497114785
452,88.21304537641376,9.77731228014455,50.91966633723312
453,91.17396115556258,12.134581616738432,50.62164041623515
454,89.08770694821654,10.094934384462677,51.34659098421945
455,88.54581575044294,7.765376439778627,51.775006321731865
456,89.90182676069958,10.276384818144653,50.766942859200846
457,88.03071730442622,9.90129635639042,51.202020152301586
458,88.98020767878297,10.807177438471232,51.35726536237145
459,87.67904608562267,10.18808577223128,51.368279682405976
460,93.99254022949815,9.374122205314144,51.19485716273444
461,90.12289884319671,8.28614868357056,51.5525614267729
462,88.64319725339239,9.299488207840675,51.446419613184275
463,90.4618803478456,8.65625214504503,50.61026765861021
464,89.80153328363741,8.924707567961262,51.687204092837945
465,89.57751641334477,10.092465741694307,51.71951683456696
466,91.24205328801186,11.172646599583162,50.91718665344853
467,91.52399820322276,9.896467279544684,51.34046468166151
468,88.9442424765061,8.305165617233943,51.68552898777126
469,88.8508697462307,9.945103850912389,51.261273945162884
470,89.4506640300557,10.696784965628048,51.92417891374254
471,85.39618620665165,8.890222802897037,52.59107294770522
472,86.96990751230265,9.36604075982814,51.03727344480122
473,92.735299234869,9.514998310678484,50.760552116345146
474,93.29374702686071,8.715863861606454,51.62346518690543
475,89.50900003113345,10.14969435574567,51.85248751898005
476,91.16444583120739,9.381316948290658,51.39608782919173
477,90.63909086751819,9.922847803126961,52.25762601161981
478,96.18060916130155,8.617072110973266,50.88082297637371
479,92.26925206015146,9.068553085686156,51.91536661224457
480,89.78251872868006,10.230037429930707,51.28440531731886
481,88.13652086110753,9.1366645371112,52.465095963929286
482,86.84495216399213,11.238499351920778,52.619374760732356
483,90.4760093456751,9.114132505844127,51.257133669082826
484,88.56861093632227,9.740881094022392,51.38265917682538
485,87.25002722113751,10.451408391957436,52.10383455357443
486,88.81560162357125,8.103265485525439,51.496701498419675
487,87.96085325356906,7.76382740598627,51.68340712467373
488,93.51442199652843,8.002175042080243,51.73426898606901
489,91.92059368377849,10.79379945992265,50.77681289279521
490,90.15952859112343,8.982928718055177,51.74441455413864
491,93.15450429983936,12.096743736119691,51.42075945381267
492,90.36947531588385,8.97823901436503,51.53295458550083
493,88.51327149443698,9.731163078045126,52.514824270699116
494,93.30416565601122,11.093028238486601,51.17784367479274
495,91.3587893933511,11.561497311846441,52.225382204041004
496,88.230500696809,11.621571970394973,51.691571416496274
497,89.94930884139512,10.773274561199795,51.70303408923574
498,88.60470987621518,10.593984824132804,52.24954676541671
499,87.6172715038034,10.16763524058359,52.0354158852216
500,92.2631123484319,10.358825311628411,52.161306452159245
501,94.25843573822908,9.034802271924688,52.370279907352995
502,87.67226854535804,8.773478456906972,51.730296624784444
503,91.62609645377353,9.594155558614023,51.59916910747657
504,89.23057710583025,9.43335905182314,51.371620188161934
505,89.59026254611153,9.156487860588133,51.50996747726063
506,89.41332007553598,10.312431701371779,53.40526465245795
507,88.90466117639957,10.577831383664321,52.56066752444665
508,90.76515749131669,9.71756596706145,51.269964729686016
509,89.04261870307268,11.11347039892387,51.29100938340715
510,91.28276682828236,8.501178059852895,52.19946859623165
511,90.67963700561955,9.456277419193173,52.23802450541514
512,90.34139915957451,8.940324282937741,52.244248585801806
513,89.04426802083773,7.797956848322408,51.84730013459296
514,89.74686682824623,9.589293839548171,51.91657794786903
515,92.45311603696446,9.55783928281922,52.14732655115843
516,91.98699781558521,11.200776961267666,52.029968749773495
517,89.07378428190647,10.326004394347217,50.880560446178336
518,91.2721878165761,8.678993296082183,51.8780514141936
519,92.62181852691604,11.565378821358813,51.569540203661205
520,87.82664288055572,10.940541566811739,52.084692400203465
521,92.29946643747797,10.309939384128402,53.49111012592849
522,89.93566986281807,9.509800250882362,52.183165741532
523,92.45115994686715,8.78539326482507,51.843154487707245
524,89.83335852206422,9.381275940891042,52.46086453036834
525,87.80089086440503,10.85098015570619,52.240902188157506
526,88.20720734788824,11.655661765191917,52.208750062782556
527,91.61095303856072,11.323254477548812,52.30082298746622
528,92.0875675848788,9.300185010196802,53.02391494052092
529,89.81367194814021,8.67852486481489,51.42799539639944
530,92.95451049531573,9.94821715152529,52.227603592920964
531,88.41013809314171,8.048157210630684,51.52449701117612
532,91.65769793559289,10.149103320881945,52.26189669967052
533,89.42532545597545,9.687741674338614,51.52080349787467
534,90.60200121992948,9.378782272809527,51.76702419926762
535,92.05959578411128,8.259652291872532,51.82327897552724
536,90.30390023031505,10.377550306085045,52.453405191824075
537,91.31634191248568,9.340898618335636,52.418954725133105
538,94.15955610754108,8.713382439300965,51.33065855552822
539,91.05548953463966,7.020783557477314,51.974334506702334
540,93.9437393485704,9.875320141721696,51.58498969431558
541,90.07679602392692,11.68491478414122,51.30300289460877
542,93.46043907051495,11.58378547627903,51.81578780368843
543,95.34934884803835,9.475324067866906,51.76166295507094
544,87.5890568710673,9.340129357782585,53.12043954247391
545,91.00543638417011,10.42105983057455,52.114309076736895
546,93.82099224440452,8.963863376800408,51.199341274879316
547,92.32911162197988,10.274019057267603,51.59565905858075
548,93.54657501853755,10.748296886058986,52.378211191350005
549,91.66611334176875,11.219146394904584,52.90079422902057
550,93.11777631924188,9.902058772514073,51.0522167643597
551,92.70446083705372,9.808537891680714,50.893466641692044
552,95.42329640734835,9.144222963470853,52.75671932197735
553,93.66918216783341,9.205310222633265,52.00344195242488
554,93.90883796283583,9.815683835415841,51.36147969203498
555,92.48384749499245,10.419483520249026,52.04952778698033
556,92.40702700192465,10.975637079271102,50.45052556989538
557,92.59242286780284,9.268783121808653,51.75587550577364
558,94.32239756219477,11.574531477030149,51.90349196712394
559,92.76812499507723,9.820567406537684,52.186718680226804
560,94.26688333506962,10.080135137560939,51.20224984003029
561,97.91600614450402,9.364061577471261,51.736271040298895
562,95.58594835436251,7.696759313236825,51.21456377595376
563,93.27076190842446,11.014722888545403,51.788439216162985
564,96.40495455638745,10.877147038696842,51.196171765341695
565,93.2666934476468,9.868545114520293,51.42252223696692
566,90.08750431561421,10.226372971827097,51.11102671719007
567,92.22907357621301,10.68476730449327,51.91650229007953
568,90.5857306386586,8.615660533105869,52.00180152860219
569,93.7069230591149,9.658460735669415,51.43655366344225
570,94.52998133240274,10.991010112795772,51.55392131121499
571,97.92976442635387,8.9516093346129,50.791099647686536
572,95.31503208361188,10.508527657799151,51.34580911470639
573,94.30779769056348,8.867372903835461,51.45046069953139
574,96.49015671839268,10.699280094821376,52.76554312745791
575,90.49493860699164,10.20601089707902,50.87841924110441
576,95.47481028504811,8.635226172729885,52.14542481084798
577,96.63218313814792,11.423702812494069,51.89038102100431
578,92.220642790991,9.532873768709933,51.51057209607067
579,97.5531681155945,9.465607813392642,52.227558094131965
580,96.03097102085125,10.48471401211493,51.5119911964678
581,94.61218515305036,11.44095307465226,51.49791033556852
582,96.79756320815827,9.284547894192109,51.25386944487837
583,100.16307048297733,10.369983407085044,51.869025154952254
584,96.07554039678303,10.744930584321978,51.78200339914753
585,96.29880099420208,11.016903776590082,50.89718061422205
586,94.97460971797611,10.507794294989218,50.52637388717053
587,94.28502513700828,9.971746934335817,51.060218547841224
588,97.73716939317396,9.518471081085137,50.73713958681531
589,94.45650633936975,10.439353293188343,51.080590728233375
590,96.40436582613643,9.288077227509811,51.70601595467425
591,95.39885169222676,7.445728503661283,50.83334529436725
592,97.40542405161236,10.81035471227349,51.015044721186165
593,97.2084416756556,11.284296157182569,51.0396948708573
594,98.71019630393076,8.023843149080063,51.40889863664242
595,95.70941905359311,9.383304443360583,49.83501667106925
596,96.2843644686929,11.018291763705507,50.62867368344309
597,94.96156698161161,12.462575677362478,51.011018468299675
598,96.12579605491185,10.431654593594596,51.47856518578712
599,97.86457028229609,9.688474284082169,50.60552590465637
600,98.71982225130144,10.239030538261407,49.88596061746257
601,95.45766950462958,11.802084387403246,51.106667085699485
602,99.13763692590665,9.786353900528072,50.451525281341425
603,100.20638589133915,9.6380632629322,50.14659519103489
604,98.41891555510581,9.959274041052428,50.40131105226004
605,101.44281374212221,9.49327444749595,50.59311576399221
606,96.23905116300926,10.573680229001985,50.35474659899628
607,95.39494893400331,12.07991483077746,49.52592854217377
608,94.42465819463015,10.782360016245454,51.04869585117374
609,101.07222945567882,10.21078790565107,51.20891642128895
610,99.48710626998717,10.175005553121775,50.86842746389702
611,98.16562190102299,8.907114707095948,49.944889102926545
612,98.9353171004881,11.35671587075939,50.38393605355809
613,96.22315281891764,10.398880038296275,50.45226199394513
614,103.46453852405108,10.299157782877316,50.72565818669395
615,98.93052327542529,13.675473876788166,50.731073669700265
616,98.99004963814428,10.783654889692242,50.000369657783914
617,100.32209530716271,9.735452649287366,50.37892479103673
618,99.93199547612245,10.063032930249742,50.53696163864208
619,99.51726301593138,11.639787313039315,51.006557649889906
620,97.5881570609344,10.606366561677195,50.60116211692649
621,100.21173677925937,9.056375488233009,50.61364354545899
622,103.13261627048394,11.415241861745194,50.231185570497
623,102.15923772513639,9.82902990369316,50.864616298435934
624,102.7546544011915,12.371433964545071,50.33434673177488
625,98.64577648166207,11.57894720530394,49.668970857515376
626,97.78895805955905,10.05214064218837,50.77122688605878
627,99.61657690846549,11.780842519484336,50.388504979025356
628,100.07959680664601,10.56784536437989,49.78803387461601
629,102.25652943768961,11.35272723580287,49.739809793871196
630,96.78320974541386,10.984450110044977,50.097849042283066
631,103.32721543410015,9.652924489575188,50.15117000798986
632,100.0520479771003,9.855095458263326,49.988258178513455
633,99.61421380737205,11.527770802708957,50.0153256545851
634,98.54363257255045,10.162000230211593,50.679740850679124
635,97.35793657148402,10.09189397266513,50.3356628878307
636,102.413732910849,9.538988519779549,49.86538327927876
637,101.01369276647682,10.916081190092548,50.21094668025913
638,98.38671341683207,12.553181082828958,49.1943137776824
639,98.475959393685,9.421101032494827,49.87988871323024
640,100.49392264992467,10.510635739521476,50.55599961242059
641,104.60279366154282,11.89622461433609,49.512823184735744
642,100.84469999668877,10.401756848576623,49.16861394602516
643,98.45659249449834,10.930971664096377,49.2370629452667
644,101.07024168726024,9.413216534158177,48.98906564911477
645,101.11497391915424,10.900737116287578,49.112380866490696
646,96.3651749752617,10.281916745141608,49.29049885052922
647,101.74870983724415,11.451234378742248,48.74407842289047
648,101.49359609058808,11.649147611996783,49.42590458584182
649,103.44584791647239,13.04739768135286,49.84059841822343
650,105.84911207076884,11.033356563938675,48.907083522681994
651,104.50187951581084,10.775227575391392,50.09224913694289
652,101.80829677837114,10.6393436619595,49.55979894232241
653,100.23011243930203,10.087143191332975,49.79164542022065
654,107.68672964619995,10.773967333443911,48.91955289687605
655,102.75503869175677,10.135081898092125,49.64801692476932
656,102.76078853359603,10.593771915166108,48.647246825464805
657,102.78073461087493,11.737565986464974,49.61097851400404
658,103.32092624583441,9.407915415757055,49.22460310056504
659,102.73151536641944,11.54866029467904,49.38833150033761
660,101.96808962137332,11.72005704616009,48.49713090963693
661,102.1165616587521,10.278872525680336,48.610821500706976
662,103.23931788162112,8.268926456385419,49.330610606200445
663,102.3121892809176,9.77664336369037,48.53168036689454
664,102.06722175791303,11.674990111722522,49.21153906556205
665,103.7992989903118,10.348506524052953,48.27067807690297
666,103.16965067088213,9.3653028303644,49.35288043710475
667,106.78038969624082,9.85291478057484,48.287319041006945
668,98.56288547841277,11.19125129633977,49.15476472456813
669,106.13987369587822,10.890166158235841,49.16671658683769
670,106.54066959116125,10.097164442607038,48.48105944249914
671,99.99295310893548,9.961801647568835,49.09626623681316
672,103.54517878326928,9.92926598190436,48.91155049953966
673,103.57806958524489,9.390883612642222,48.4882590501296
674,101.59589318207638,11.920813839461047,48.23003276330484
675,102.94480736262442,9.975139862443607,47.72991216151034
676,102.36836317284524,11.506522053977205,48.86325490193654
677,108.18267092893309,11.80246704501579,47.88352846128997
678,106.63763419758392,11.271136894534322,48.69140207553232
679,107.39705834671122,9.832771560200415,48.49011115164492
680,106.38447763947255,10.659582086563184,48.93982201253201
681,102.76972121438128,10.223014175756592,48.42795817789912
682,104.06497269139997,9.334766826721543,48.39330706059805
683,106.17843941649842,10.553991490181996,48.90334076899542
684,102.84059178164541,9.04166408848765,48.68463797208394
685,106.7954728848249,11.399366660686896,48.65522412105253
686,104.97291691008675,9.737968695418388,48.7121552580625
687,104.78747242100071,10.394563337385094,47.690453273499664
688,107.04202659541441,10.467431882959945,48.81769843668703
689,106.59106389890455,9.91590571246193,48.72695440528477
690,105.06246531224384,10.752101240449797,47.89414968690975
691,108.18433918361596,9.681034374390329,48.26258169000997
692,103.78424829162348,11.017703547375168,48.34746241193396
693,107.25834689810824,8.790836228028336,48.282729184446396
694,107.29217629500656,10.253550421639535,48.50014032891529
695,105.56576840300225,12.056403908328196,49.03250152617089
696,106.91539634770079,9.107400663443729,48.841687997534684
697,103.83854586422122,9.420201004945033,47.62906384721454
698,108.26583569716314,10.602028635465121,48.58096307805597
699,106.12434425480313,10.257842130942732,48.91953864052602
700,105.52441994614982,10.418998708377476,48.43401274040126
701,108.7429449172366,10.547636652820291,48.772031047617595
702,105.31063507574311,10.683228525773355,49.21900743367334
703,103.97612392872102,11.148245031530635,48.71146045588797
704,103.75283294002858,10.438386561303851,48.31139853379287
705,108.15046935198892,9.77732153777687,48.6968350010492
706,104.44925506736342,10.68115675018898,48.23469198546603
707,110.59066545384756,11.898465407367146,48.16257038190236
708,102.98747348982614,9.855950716167163,47.96369863669974
709,110.61378513061726,9.004060714019676,48.91031795412528
710,107.711725335664,11.075684807824931,47.70902351645918
711,107.16435322177415,9.838249652357982,48.874471675035444
712,106.33529454434012,7.776004495193057,48.34869546509432
713,108.29001571202103,10.78615947295221,47.390013676564415
714,107.48233567572085,9.39349786850742,48.26482458812128
715,109.82931468764716,9.82840949944598,47.022751632377364
716,107.91550979924163,10.241072261414505,48.377717458966444
717,108.05123290410042,10.089777121735475,48.500213131453414
718,107.08620477952879,10.598955057886636,47.75449038393371
719,107.76155644288497,9.44428686619937,48.10595177293325
720,108.55228217627565,10.383197120069205,49.01520625674216
721,104.57677914009273,9.600914691172264,47.77964521567454
722,105.3603826631807,10.589697710098749,47.497898477237705
723,109.60211360878691,10.456740216799535,48.763461512374825
724,108.5153366585676,8.896482983109006,48.999645846736975
725,107.86284211740968,10.90851998278068,48.016368390106955
726,108.32405659002914,9.277261585430873,48.51686709909779
727,109.03790335643858,10.61204470026282,48.67893605247336
728,107.31793753987108,10.162114489445504,47.634466638778875
729,106.89472466576754,11.623933193295754,47.76101520482105
730,108.896056716481,9.553291571922015,48.61751391278973
731,106.59980231123538,9.41853808997066,48.84344185359768
732,109.42437939041795,9.739625466946453,48.28168298361747
733,105.25317190282222,9.447151855503416,47.56009315305517
734,110.7662497915622,10.541659969799044,48.99373865342019
735,109.70186210075491,8.116897198268852,47.73538036117023
736,109.31657956415809,8.67112183972767,47.834404428755185
737,110.81687457835042,8.648707864090635,48.17469929342447
738,112.22852887242874,10.658638296345138,48.782616840618594
739,110.97151773600035,11.410880659484597,48.43497961846298
740,105.30533249545297,9.587874539985169,48.21832757377298
741,106.47133167619045,9.515681573346892,48.245889822329445
742,107.82335006478048,9.746861192139166,48.039800411642766
743,109.16676363994227,10.83112233620249,48.30135628657721
744,110.19058244924915,8.734458201948584,46.76219491965523
745,107.74354413198277,9.892882892375223,47.88380358046259
746,109.60741314170934,10.62255230275387,48.158343396504264
747,107.76103822224762,10.141430659671226,47.46819201945951
748,108.08576578248724,9.823043783698722,48.24331751185655
749,106.53154562391,10.627780547281773,47.95481574084646
750,107.53353327552558,6.9169237505713514,48.94212185413522
751,106.71082451449551,10.291604884475507,48.85866202665592
752,107.49569976622688,8.953381906215007,47.847451296190464
753,111.58703767509621,7.7707097286142375,48.01356905390064
754,107.6123161464072,10.106589718758393,48.061077925472524
755,114.80628679246993,10.963251997916624,47.88171369913151
756,110.55761305896596,9.446515428793113,48.21497345290286
757,109.969147009253,10.531375390166442,47.74866101346438
758,107.91029676668327,11.185484594537746,47.57325670409973
759,111.0542069578359,10.88299699549362,48.46110112234248
760,108.52792106783932,11.203096037865851,48.47610774078156
761,109.94785795929647,10.300482707723004,47.771196197198734
762,114.84767864048773,9.62918921573418,48.63345390839467
763,109.55808825559507,7.947368616936313,47.88281763711822
764,112.07047818602958,9.299031052924098,48.33842473534494
765,108.38632497661023,8.697788014476663,48.63565206523732
766,109.7424678796497,11.7081019760661,48.22271097868494
767,113.3728319293872,9.357583225036826,48.48132102040233
768,108.59509922514007,9.65317022931921,48.01056189943989
769,113.49074824418231,10.078135191204693,48.185759104655695
770,111.29718620968096,9.567125987928863,48.1966644503871
771,108.77159183756385,11.21563889260979,47.94228934615383
772,111.17519427375395,8.895194559534264,48.243554779189765
773,111.86835007156593,9.709900301598468,47.574371358683756
774,111.17873115756856,8.770465062154468,48.12021382183177
775,106.80553835133085,8.190750757369852,48.240830826204444
776,108.50159540694881,8.897037482592943,48.27302033187861
777,109.46971887630299,9.46999955217893,48.29856286388585
778,109.82377921070257,9.076161079326743,48.40698651381059
779,111.2208829292043,8.811667086671537,48.69649787267482
780,110.34083545561256,8.096593723736259,48.9132913692282
781,107.31964092094475,9.418827564539372,48.17074882345152
782,110.7546225003572,7.996433933001368,47.913968090474995
783,111.2182960345419,10.260630972212276,48.014817384162946
784,111.11860348134184,9.582635226285161,48.31283863171727
785,112.16148218416843,8.0424643538604,48.40140473032597
786,111.66766320599636,9.19082714324244,48.213612739840706
787,110.91707724563827,8.748100160514486,47.97211313118373
788,109.85628399117044,9.819851313047415,48.41398219554047
789,106.67159222075118,10.841747207795937,48.75493259998751
790,110.84864985666289,7.626943725917612,48.98421124852575
791,110.39968919032113,9.61816085538475,48.430757702474786
792,110.52137346492148,9.344219300809389,48.52603339535728
793,107.41762280016206,10.177107745518093,48.29253140428937
794,107.80091392857213,9.720577556339611,48.763789147435354
795,112.060243479242,8.75722189645799,48.379197194823305
796,109.86474284256809,9.192143909589769,49.11414742519703
797,111.29577554570335,8.717374119857098,47.95908606802932
798,109.97733863475791,10.591803880184807,48.696898564001444
799,109.96714983110633,9.539698830031181,49.05221389080095
800,111.77015007818582,11.422360945591315,49.018771422160384
801,108.84644857391605,9.463484050014507,50.29880639206923
802,110.05474730277881,8.818903036619306,49.15286069887178
803,108.92093664767663,8.016949420393717,48.50183446920948
804,108.95849170589399,7.73106587444444,48.98225485202846
805,109.19015410926671,7.9537976569579465,48.16820726562057
806,110.2327992532549,9.80897312063718,49.04258633615786
807,108.81008897543008,10.05466761782141,48.69312030749183
808,112.25717622819138,7.969029634433268,49.59430592432651
809,107.9335525726163,10.449716298283873,48.88899735873353
810,109.32515482012815,9.076252703135443,49.1327293964041
811,108.7945970415696,9.710918806037892,48.900860288177746
812,112.54220857863838,11.181332805412026,50.11576754226651
813,110.01459119752622,10.471110225510436,49.1135927106414
814,111.6574374178659,9.311069280187207,50.218528141567475
815,106.59393492044114,8.69390487554939,49.73751801790647
816,110.06950702824426,7.438944828134655,49.599818665229016
817,111.28406538503977,8.877433729172584,49.57163931053611
818,109.63781859717216,9.391444988340217,49.6127966823508
819,111.5717108764129,8.621542843379842,48.48081846041354
820,108.37272866659698,9.483769052636658,49.334094720193015
821,112.19161516496713,9.698335536344862,49.925115522127726
822,113.93539396541502,9.40323670672697,49.5071999912463
823,108.57566427888722,8.984847900826434,48.85827108312234
824,108.37314991216613,9.810409001670209,49.56398000807212
825,112.13281105662881,10.090742120818051,50.471643425593925
826,112.34615094475868,8.565590010079875,50.272530549833824
827,108.10133245688503,11.07424668332131,49.64765566644762
828,108.26581003726558,9.572186057132582,50.18402758939219
829,108.50083500322333,9.697215384138111,49.554760351017094
830,106.33281731549438,10.394300405633365,48.91584792390172
831,107.14082639689745,9.927147896245437,49.33537282704822
832,106.92536290311739,10.655036604713459,50.608917847001415
833,107.35267009616996,9.997111577857384,49.72038338121001
834,108.77262742224556,9.10575348103862,49.76562648073037
835,109.2632744403817,10.088010543808984,49.76736327344243
836,111.8478142620578,8.59120636775208,50.89933317864579
837,106.70119882203441,9.852023860754908,50.790238718998395
838,110.6167755441054,9.718868355157143,51.116648872069774
839,108.16951209647345,9.552714836708653,49.957734010984694
840,108.44706166157793,9.641123194855389,50.21505833881582
841,109.84327276938788,7.896732805756138,49.33889916790187
842,106.19498508980145,9.238866652779572,50.86564012965195
843,109.1511999372859,9.889531131472122,49.57320700156967
844,108.66439754227977,9.965718614935934,50.29537307358365
845,109.26067519243612,8.787440727142457,49.66818047148281
846,108.79756192043166,11.090151305250682,49.95219597930111
847,113.07245496502007,8.967666432762568,49.85774034394393
848,106.8281885906109,10.812762759367082,50.00211391349425
849,106.9826781629223,10.28002687426254,50.06610131631483
850,106.73859007338538,9.216191021130397,50.091063871799726
851,106.81331746076478,11.647370073000273,50.81131865845545
852,106.58810559675625,8.688114372672828,49.87158494436893
853,110.17873478443565,10.810644700019456,50.56355629085411
854,110.57875202537983,10.901855568775243,51.09143240260431
855,106.53251898117591,9.240475255361797,50.25491334344859
856,105.94480106697928,11.313418538837794,50.18149569164987
857,108.48708302559334,9.680796116160083,50.45401483562613
858,106.37379110498695,10.229453314050076,51.187833678632465
859,108.67733829230077,10.211022272888853,50.72358427519557
860,107.74981702044374,9.826352161163532,50.38934173097159
861,104.24424467972013,10.781445379424742,50.92515826169133
862,110.3017776761203,10.77411377521405,50.160191197397715
863,110.72883631267507,8.242088779540333,51.079974315870686
864,105.84110357639001,11.30496044534718,50.971389164676104
865,106.22017116615471,8.348127416051149,50.640799634427964
866,107.49549884454542,11.053160562426232,50.40285052492787
867,107.52018304910204,11.157306203441529,50.40605753836178
868,108.09517429926852,8.94960910490948,51.14387013206198
869,110.72463331332342,9.639719486007778,51.51781797938724
870,106.27579784583372,8.954767131478302,50.61133687395404
871,104.95790291307067,9.855464607763672,51.18563787457511
872,103.72000860316611,9.772237038638076,49.939169592846596
873,104.94028877705188,10.869785432405706,50.71639171661497
874,106.25875649937807,11.41025117481012,51.01896164192855
875,109.8363552645775,11.505403792395686,50.60520717015836
876,105.13362131313811,9.557285621412916,50.6171149550141
877,106.53740730890632,9.919917660765675,50.776553424680905
878,105.9773641298354,8.455335574716273,51.28136478254898
879,108.30677396924573,9.342482425211573,51.06617369404828
880,110.90303678066486,11.12272351055708,50.065031412751964
881,104.70603397732644,11.782910940113661,50.14783935117386
882,104.70691546003424,8.9423685547757,50.928527399115566
883,107.6915703464161,9.593571792978457,51.484296655823684
884,106.88392549854795,10.168874508707752,49.904911844476814
885,109.12989908813296,10.484607528519046,51.05172238674066
886,106.52013908076509,9.40392717798859,51.061093903844
887,104.54896157818052,10.646590661152999,52.04071913506744
888,106.36359172059437,9.757600179517011,51.17606878584267
889,107.31390729594331,10.22580459288385,51.58179570514847
890,106.65117292697357,10.795262349397907,51.48233849199306
891,105.9379640399135,10.26402202091633,50.367517762440215
892,106.96948043250231,9.829732473824183,51.83767331687323
893,107.0869537007652,10.164920729872739,51.58170962044682
894,107.42443713620376,10.194469935487891,51.748255700377996
895,105.86882955553082,9.921011096318935,53.47701407557355
896,104.14800710877213,10.040298890071558,50.49127197438244
897,104.68605591073505,11.905695315787758,52.41476499835739
898,106.7155924801544,10.875797970604467,51.42743185591942
899,102.57821896056325,10.027102634803517,51.733205506578635
900,104.85853147016337,11.027112758632777,51.584812730452626
901,103.24318966259176,10.003782206715798,51.41311678892026
902,103.99563638457451,11.518034640230923,51.35761892300735
903,106.40293610398578,10.72172254161253,51.824220622887964
904,104.13573155484441,10.25180772473494,50.917436901833774
905,103.75353220493642,10.81371267471475,52.06749373072553
906,100.84770645362345,8.801859083581594,51.49990660252293
907,104.96632875569618,9.252558164361385,51.158384499795744
908,104.67084549471484,9.19183929929753,51.51344034262591
909,107.61210410293785,10.534991772306867,52.38165783917341
910,102.57542715358753,12.130691234631053,51.49965771002116
911,103.5343541502848,12.635444673756282,51.96039644469503
912,103.49958113107233,11.048002268999594,51.42913512413968
913,106.06018051299603,10.916438307497398,52.186614032953436
914,102.61885255353911,8.620012531402464,52.163040109057626
915,103.271375392677,9.883704476331415,52.756814231256975
916,103.8327427524197,9.643731989041974,51.75653910982796
917,102.89352367835713,9.815633007040958,52.190044788462416
918,101.53054187355818,10.273127064626694,51.91572993077571
919,102.71445042017992,9.973794080964014,52.525190828099355
920,104.376162640722,8.471020275816597,51.52797514508384
921,100.07827436074282,11.202485647810873,52.26960574195833
922,102.2994369977013,9.385905847358734,51.80903934390193
923,100.53524536130145,10.701785765180889,51.883149880590935
924,104.22737604371551,12.540326589397585,51.96954526674109
925,98.69252104423678,9.550377855287705,52.05778146068687
926,100.52248933916336,7.942805552638982,51.88110436323425
927,102.29603093180134,10.190230251094054,52.05369678263414
928,104.57377522867326,11.580145018122106,52.742082607751684
929,101.21220236507611,12.440292079729304,52.451992387633915
930,100.13414518168422,9.254961502017109,52.39964797999847
931,104.90757526841395,10.983582992688335,51.74266192704804
932,98.14983569800387,10.023751238637965,51.5307289434382
933,96.54874936942143,10.385095648922656,52.45747285889162
934,101.72679333125389,13.137173246998474,52.42187374652988
935,99.74297445519012,8.99144834295192,52.723767100673214
936,98.60486103471423,10.749549343330903,51.68857569858364
937,101.96421859652719,10.96469554682899,51.878478063703646
938,100.9352314123098,11.58378259890672,51.17574821655757
939,99.2195522435074,10.596774134472355,51.80104367432773
940,97.68714545719179,10.807436717797707,52.49690403278556
941,101.89268888542759,10.108133060351035,51.76626095722609
942,101.34818178181861,10.769104112509712,52.320188532774765
943,99.74942811747374,10.156780455056742,51.904687090503934
944,103.541059478231,11.121340197273742,52.16150718818449
945,97.60763681591109,10.129753647578116,51.424723135470316
946,96.59680208829663,10.875860314792646,52.039814041944105
947,98.16411758642987,10.468693547155878,50.4998324547551
948,99.35688819577825,11.623003875658416,51.899694527521774
949,99.83492082294875,10.444358390519156,51.17519970246451
950,98.76601667966925,8.721319840886453,52.59027946053893
951,99.85292160998324,11.754676270460658,52.372384626479494
952,96.54613910835549,9.585227834199456,52.21296886906681
953,101.83724938207665,9.835202784220686,52.73564351049144
954,98.68602506144609,9.8911212355038,51.49574475707057
955,100.98564129200874,11.858839322874424,52.8385039496448
956,99.33734742618546,8.346151961847939,52.425095389281374
957,99.46638508553842,13.616806931563591,51.83445845335873
958,99.59353983242542,11.532155812074809,52.513843302992925
959,99.25070361491028,10.696188088989777,51.38574575636203
960,99.54217770750529,10.414716172732149,51.51905847233472
961,100.81665726625813,10.751637408885959,51.61900919415764
962,98.45319872686395,10.983492495968257,51.65037096912575
963,99.38016206685052,11.103687445237407,51.37770593377595
964,97.68488511015816,11.009994734358392,52.50822238217295
965,100.64700643926112,10.539707608628902,51.75752299672021
966,96.31662623481131,10.248345121315698,52.05304747352961
967,101.17416359229314,10.289788604744603,51.58104182763544
968,97.39508148242874,10.24135553594591,50.94491849099224
969,94.51721429488504,11.565061341356387,51.97883403418129
970,97.53860256571214,11.019702884213594,50.875848232568394
971,95.82419141607198,7.480441991928959,51.78541687571978
972,98.77176419231253,11.071247541143872,51.122925125380064
973,95.68970244890963,10.604432964185797,52.78766280447432
974,96.00735735671921,10.385174144628797,52.23624467799612
975,93.02572660188619,10.009389031818086,51.81957810535973
976,95.80559878243858,11.515885631036662,52.384294941047585
977,91.76818510095471,11.333008095376332,51.3146297140162
978,93.3542088433216,9.606158500119076,51.994482497711054
979,97.94926233431472,10.779491380343002,51.80721552099818
980,97.90680902478238,9.394036313281463,51.823503702952706
981,97.09326599258051,8.979182565294815,52.311473191548224
982,94.21591650606373,9.725047672246687,52.02496833746198
983,95.96234901326214,11.206981834703722,51.78613675654513
984,95.95886380013117,11.29039904243088,50.797014453647066
985,93.55804004244398,10.842910146784023,51.12675277451454
986,98.79067908650038,11.047339317673595,51.52737768794554
987,97.4481417344927,10.830711728963612,51.61701711643844
988,95.16145413075317,9.665215948465745,50.98647452368556
989,95.56755913956103,10.730661515274452,52.73831108239295
990,95.8414066781419,11.0910704311349,52.27122133090927
991,91.252482458154,11.036757910540562,51.794294598072256
992,94.75337496361101,11.463072644155282,51.509129031437446
993,93.79601398937314,10.97404615178169,51.34654983509401
994,93.06947922001358,10.608667250643547,50.95591196818881
995,94.4237481324361,11.31874313575203,51.44950617063577
996,98.4950526512615,10.213346058675732,51.51821947824568
997,96.0956062272409,9.349171143457287,50.74672762087088
998,93.58632203591355,10.059064892264145,51.512653111661635
999,95.78913221656941,9.468226423143602,51.245589626627684
